"Pinterest board","Media URL","Title","Description","Link","Publish date","Alt text"
"Small Living Room & Lounge Ideas","https://britishhomeinterior.co.uk/images/pins/small-living-room-ideas-uk-A.png","11 Small Living Room Ideas UK","Small living room ideas for UK homes. Layout tricks furniture picks and styling that make a compact lounge feel bigger. See all 11 at britishhomeinterior.co.uk →","https://britishhomeinterior.co.uk/blog/small-living-room-ideas-uk/","10/05/2026 12:00","Small UK living room styled with compact sofa and layered lighting"
"UK Kitchen Makeover Ideas","https://britishhomeinterior.co.uk/images/pins/kitchen-on-a-budget-uk-A.png","Cheap Kitchen Makeover UK: 14 Affordable Ideas","Cheap kitchen makeover ideas for UK homes. Cabinet painting splashback tiles and worktop fixes all under budget. See all 14 at britishhomeinterior.co.uk →","https://britishhomeinterior.co.uk/blog/kitchen-on-a-budget-uk/","10/05/2026 18:00","Budget UK kitchen makeover with painted cabinets and new handles"
"Renter-Friendly UK Home Decor","https://britishhomeinterior.co.uk/images/pins/rented-flat-makeover-uk-A.png","Rented Flat Makeover UK","Rented flat makeover ideas for UK tenants. Damage-free upgrades that transform a rental and reverse at move-out. See the full guide at britishhomeinterior.co.uk →","https://britishhomeinterior.co.uk/blog/rented-flat-makeover-uk/","10/06/2026 12:00","UK rented flat with styled shelves and renter-friendly upgrades"
"UK Bedroom Ideas","https://britishhomeinterior.co.uk/images/pins/cosy-bedroom-ideas-uk-A.png","14 Cosy Bedroom Ideas UK","Cosy bedroom ideas for UK homes. Layered textiles warm lighting and soft colour palettes. See all 14 ideas at britishhomeinterior.co.uk →","https://britishhomeinterior.co.uk/blog/cosy-bedroom-ideas-uk/","10/06/2026 18:00","Cosy UK bedroom with layered bedding and warm lamp"
"Small Living Room & Lounge Ideas","https://britishhomeinterior.co.uk/images/pins/how-to-style-a-living-room-uk-A.png","How to Style a Living Room UK","How to style a living room in a UK home. The exact layering order for rugs textiles art and lighting. See the method at britishhomeinterior.co.uk →","https://britishhomeinterior.co.uk/blog/how-to-style-a-living-room-uk/","10/07/2026 12:00","Styled UK living room with layered rug cushions and wall art"
"UK Kitchen Makeover Ideas","https://britishhomeinterior.co.uk/images/pins/galley-kitchen-ideas-uk-A.png","Galley Kitchen Ideas UK: Layouts & Storage","Galley kitchen ideas for UK homes. Smart layouts storage solutions and renter-friendly fixes for narrow kitchens. See the guide at britishhomeinterior.co.uk →","https://britishhomeinterior.co.uk/blog/galley-kitchen-ideas-uk/","10/07/2026 18:00","Narrow UK galley kitchen with smart storage and open shelving"
"Renter-Friendly UK Home Decor","https://britishhomeinterior.co.uk/images/pins/budget-home-makeover-uk-A.png","Budget Home Makeover UK Under £150","Budget home makeover ideas under £150 for UK homes. Room-by-room refresh with real UK prices. See the full plan at britishhomeinterior.co.uk →","https://britishhomeinterior.co.uk/blog/budget-home-makeover-uk/","10/08/2026 12:00","UK home refreshed on a budget with paint textiles and styling"
"UK Bedroom Ideas","https://britishhomeinterior.co.uk/images/pins/bedroom-makeover-uk-A.png","13 Bedroom Makeover Ideas UK","Bedroom makeover ideas for UK homes. Paint colours soft furnishings and layout changes that transform a room. See all 13 at britishhomeinterior.co.uk →","https://britishhomeinterior.co.uk/blog/bedroom-makeover-uk/","10/08/2026 18:00","UK bedroom after makeover with fresh paint and new bedding"
"Small Living Room & Lounge Ideas","https://britishhomeinterior.co.uk/images/pins/small-living-room-layout-ideas-A.png","Small Living Room Layout Ideas UK","Small living room layout ideas for UK homes. Furniture placement tricks for terraces semis and flats. See all layouts at britishhomeinterior.co.uk →","https://britishhomeinterior.co.uk/blog/small-living-room-layout-ideas/","10/09/2026 12:00","Small UK living room with smart furniture placement"
"UK Kitchen Makeover Ideas","https://britishhomeinterior.co.uk/images/pins/small-kitchen-storage-ideas-budget-uk-A.png","Small Kitchen Ideas UK: Budget Storage","Small kitchen storage ideas on a budget for UK homes. Vertical racks door organisers and shelf risers. See all at britishhomeinterior.co.uk →","https://britishhomeinterior.co.uk/blog/small-kitchen-storage-ideas-budget-uk/","10/09/2026 18:00","Small UK kitchen with budget storage solutions and organisers"
"Renter-Friendly UK Home Decor","https://britishhomeinterior.co.uk/images/pins/renter-friendly-living-room-ideas-uk-A.png","Renter-Friendly Living Room Ideas UK","Renter-friendly living room ideas for UK tenants. No permission needed no damage on move-out. See all at britishhomeinterior.co.uk →","https://britishhomeinterior.co.uk/blog/renter-friendly-living-room-ideas-uk/","10/10/2026 12:00","UK rental living room with damage-free decor and styling"
"UK Bedroom Ideas","https://britishhomeinterior.co.uk/images/pins/small-bedroom-budget-uk-A.png","Small Bedroom Ideas UK: Under £150 Refresh","Small bedroom refresh under £150 for UK homes. Paint bedding and storage on a real budget. See the plan at britishhomeinterior.co.uk →","https://britishhomeinterior.co.uk/blog/small-bedroom-budget-uk/","10/10/2026 18:00","Small UK bedroom refreshed on a budget with new bedding"
"Renter-Friendly UK Home Decor","https://britishhomeinterior.co.uk/images/pins/cosy-home-decor-ideas-uk-A.png","Cosy Home Decor Ideas UK","Cosy home decor ideas for UK houses and flats. Warm textures layered lighting and seasonal touches. See all at britishhomeinterior.co.uk →","https://britishhomeinterior.co.uk/blog/cosy-home-decor-ideas-uk/","10/11/2026 12:00","Cosy UK home with warm throws candles and soft lighting"
"UK Kitchen Makeover Ideas","https://britishhomeinterior.co.uk/images/pins/budget-kitchen-cabinet-makeover-uk-A.png","Kitchen Cabinet Makeover UK: 4 Cheap Ways","Kitchen cabinet makeover ideas for UK homes. Paint wrap replace doors or add handles — with real UK prices. See all 4 at britishhomeinterior.co.uk →","https://britishhomeinterior.co.uk/blog/budget-kitchen-cabinet-makeover-uk/","10/11/2026 18:00","UK kitchen cabinets before and after budget makeover"
"Small Living Room & Lounge Ideas","https://britishhomeinterior.co.uk/images/pins/small-living-room-storage-ideas-uk-A.png","Small Living Room Storage Ideas UK","Small living room storage ideas for UK homes. No fitted furniture needed. Baskets shelving and hidden storage. See all at britishhomeinterior.co.uk →","https://britishhomeinterior.co.uk/blog/small-living-room-storage-ideas-uk/","10/12/2026 12:00","UK living room with baskets and floating shelves for storage"
"UK Bedroom Ideas","https://britishhomeinterior.co.uk/images/pins/bedroom-decor-ideas-uk-A.png","12 Bedroom Decor Ideas UK","Bedroom decor ideas for UK homes. Colour palettes textures and styling for every room size. See all 12 at britishhomeinterior.co.uk →","https://britishhomeinterior.co.uk/blog/bedroom-decor-ideas-uk/","10/12/2026 18:00","Styled UK bedroom with coordinated decor and accent wall"
"UK Kitchen Makeover Ideas","https://britishhomeinterior.co.uk/images/pins/rental-kitchen-upgrade-ideas-uk-A.png","Rental Kitchen Upgrade Ideas UK (No Permission)","Rental kitchen upgrade ideas for UK tenants. No landlord permission needed. Peel-and-stick tiles removable handles and more. See the guide at britishhomeinterior.co.uk →","https://britishhomeinterior.co.uk/blog/rental-kitchen-upgrade-ideas-uk/","10/13/2026 12:00","UK rental kitchen upgraded with peel-and-stick tiles and accessories"
"Renter-Friendly UK Home Decor","https://britishhomeinterior.co.uk/images/pins/renter-friendly-gallery-wall-ideas-uk-A.png","Renter-Friendly Gallery Wall Ideas UK","Gallery wall ideas for UK renters. Command strips no nails and layout templates that protect your deposit. See the method at britishhomeinterior.co.uk →","https://britishhomeinterior.co.uk/blog/renter-friendly-gallery-wall-ideas-uk/","10/13/2026 18:00","UK rental gallery wall hung with command strips and no damage"
"Small Living Room & Lounge Ideas","https://britishhomeinterior.co.uk/images/pins/living-room-colour-schemes-uk-A.png","Best Living Room Colours UK: 11 Schemes","Best living room colour schemes for UK homes with real paint names. Warm neutrals bold tones and seasonal palettes. See all 11 at britishhomeinterior.co.uk →","https://britishhomeinterior.co.uk/blog/living-room-colour-schemes-uk/","10/14/2026 12:00","UK living room with warm neutral colour scheme"
"UK Kitchen Makeover Ideas","https://britishhomeinterior.co.uk/images/pins/earthy-neutral-kitchen-colour-trends-uk-A.png","Earthy Neutral Kitchen Colours: Two-Tone Under £500","Earthy neutral kitchen colour ideas for UK homes. Two-tone combinations under £500. See all palettes at britishhomeinterior.co.uk →","https://britishhomeinterior.co.uk/blog/earthy-neutral-kitchen-colour-trends-uk/","10/14/2026 18:00","UK kitchen with earthy neutral two-tone painted cabinets"
"UK Bedroom Ideas","https://britishhomeinterior.co.uk/images/pins/small-bedroom-layout-ideas-uk-A.png","Small Bedroom Layout Ideas for Awkward UK Rooms","Small bedroom layout ideas for awkward UK rooms. How to fit a double bed desk and storage in a box room. See all layouts at britishhomeinterior.co.uk →","https://britishhomeinterior.co.uk/blog/small-bedroom-layout-ideas-uk/","10/15/2026 12:00","Small UK bedroom with smart layout fitting bed and desk"
"Renter-Friendly UK Home Decor","https://britishhomeinterior.co.uk/images/pins/renter-friendly-bedroom-ideas-uk-A.png","Renter-Friendly Bedroom Ideas UK (No Damage)","Renter-friendly bedroom ideas for UK tenants. No nails no damage and everything reverses at move-out. See all at britishhomeinterior.co.uk →","https://britishhomeinterior.co.uk/blog/renter-friendly-bedroom-ideas-uk/","10/15/2026 18:00","UK rental bedroom styled with no-damage decor"
"Small Living Room & Lounge Ideas","https://britishhomeinterior.co.uk/images/pins/small-living-room-budget-uk-A.png","Small Living Room on a Budget UK: Under £150","Small living room refresh under £150 for UK homes. The exact priority order for paint textiles and lighting. See the plan at britishhomeinterior.co.uk →","https://britishhomeinterior.co.uk/blog/small-living-room-budget-uk/","10/16/2026 12:00","UK living room refreshed on a budget with new cushions and rug"
"UK Kitchen Makeover Ideas","https://britishhomeinterior.co.uk/images/pins/hidden-pantry-ideas-uk-A.png","Hidden Pantry Ideas for Small UK Kitchens","Hidden pantry ideas for small UK kitchens. Pull-out larders alcove shelving and cabinet conversions. See all at britishhomeinterior.co.uk →","https://britishhomeinterior.co.uk/blog/hidden-pantry-ideas-uk/","10/16/2026 18:00","Small UK kitchen with hidden pantry storage behind cabinet door"
"UK Bedroom Ideas","https://britishhomeinterior.co.uk/images/pins/small-bedroom-storage-uk-A.png","Small Bedroom Storage Ideas UK","Small bedroom storage ideas for UK homes. Under-bed drawers floating shelves and wardrobe organisers. See all at britishhomeinterior.co.uk →","https://britishhomeinterior.co.uk/blog/small-bedroom-storage-uk/","10/17/2026 12:00","Small UK bedroom with under-bed storage and floating shelf"
"Renter-Friendly UK Home Decor","https://britishhomeinterior.co.uk/images/pins/deposit-deductions-uk-A.png","Deposit Deductions UK: What Landlords Really Charge","Deposit deductions in the UK — what landlords actually charge and how to avoid them. Real data from 2026. See the guide at britishhomeinterior.co.uk →","https://britishhomeinterior.co.uk/blog/deposit-deductions-uk/","10/17/2026 18:00","UK flat keys and deposit paperwork on kitchen counter"
"Small Living Room & Lounge Ideas","https://britishhomeinterior.co.uk/images/pins/living-room-lighting-ideas-uk-A.png","Living Room Lighting Ideas UK (No Rewiring)","Living room lighting ideas for UK rentals. No rewiring needed — plug-in lamps floor lights and LED strips. See all at britishhomeinterior.co.uk →","https://britishhomeinterior.co.uk/blog/living-room-lighting-ideas-uk/","10/18/2026 12:00","UK living room with layered plug-in lighting and no rewiring"
"UK Kitchen Makeover Ideas","https://britishhomeinterior.co.uk/images/pins/small-kitchen-island-ideas-uk-A.png","Small Kitchen Island Ideas for UK Flats","Small kitchen island ideas for UK flats. Budget-friendly freestanding islands and trolleys. See all at britishhomeinterior.co.uk →","https://britishhomeinterior.co.uk/blog/small-kitchen-island-ideas-uk/","10/18/2026 18:00","Small UK kitchen with freestanding butcher block island"
"UK Bedroom Ideas","https://britishhomeinterior.co.uk/images/pins/bedroom-colour-ideas-uk-A.png","Bedroom Colour Ideas UK 2026","Bedroom colour ideas for UK homes in 2026. Trending palettes with real paint names. See all at britishhomeinterior.co.uk →","https://britishhomeinterior.co.uk/blog/bedroom-colour-ideas-uk/","10/19/2026 12:00","UK bedroom with trending colour palette and accent wall"
"Renter-Friendly UK Home Decor","https://britishhomeinterior.co.uk/images/pins/home-decor-inspiration-uk-A.png","Home Decor Inspiration UK","Home decor inspiration for UK houses and flats. Curated ideas across every room. See all at britishhomeinterior.co.uk →","https://britishhomeinterior.co.uk/blog/home-decor-inspiration-uk/","10/19/2026 18:00","UK home with curated decor inspiration across living room"
"UK Kitchen Makeover Ideas","https://britishhomeinterior.co.uk/images/pins/budget-kitchen-flooring-ideas-uk-A.png","Cheap Kitchen Flooring Ideas UK (Weekend Fit)","Cheap kitchen flooring ideas you can fit in a weekend in the UK. Vinyl LVT and peel-and-stick options with prices. See all at britishhomeinterior.co.uk →","https://britishhomeinterior.co.uk/blog/budget-kitchen-flooring-ideas-uk/","10/20/2026 12:00","UK kitchen with new budget vinyl flooring fitted over weekend"
"UK Bedroom Ideas","https://britishhomeinterior.co.uk/images/pins/bedroom-lighting-ideas-uk-A.png","Bedroom Lighting Ideas UK (Rental-Safe)","Bedroom lighting ideas for UK rentals. No rewiring needed — plug-in pendants fairy lights and bedside lamps. See all at britishhomeinterior.co.uk →","https://britishhomeinterior.co.uk/blog/bedroom-lighting-ideas-uk/","10/20/2026 18:00","UK bedroom with rental-safe plug-in pendant and fairy lights"
"Renter-Friendly UK Home Decor","https://britishhomeinterior.co.uk/images/pins/hallway-decor-ideas-uk-A.png","Hallway Ideas UK: Small & Narrow Hallways","Hallway decor ideas for small and narrow UK hallways. Mirrors hooks and slim storage that make a tight space work. See all at britishhomeinterior.co.uk →","https://britishhomeinterior.co.uk/blog/hallway-decor-ideas-uk/","10/21/2026 12:00","Narrow UK hallway with mirror hooks and slim console table"
"UK Kitchen Makeover Ideas","https://britishhomeinterior.co.uk/images/pins/budget-kitchen-splashback-tile-ideas-uk-A.png","Budget Kitchen Splashback & Tile Ideas UK","Budget kitchen splashback and tile ideas for UK homes. Peel-and-stick tiles paint and budget ceramics. See all at britishhomeinterior.co.uk →","https://britishhomeinterior.co.uk/blog/budget-kitchen-splashback-tile-ideas-uk/","10/21/2026 18:00","UK kitchen with budget peel-and-stick splashback tiles"
"Small Living Room & Lounge Ideas","https://britishhomeinterior.co.uk/images/pins/soft-minimalism-living-room-ideas-uk-A.png","Soft Minimalism Living Room Ideas UK","Soft minimalism living room ideas for UK homes. Clean lines warm textures and curated simplicity. See all at britishhomeinterior.co.uk →","https://britishhomeinterior.co.uk/blog/soft-minimalism-living-room-ideas-uk/","10/22/2026 12:00","UK living room with soft minimalist decor and warm textures"
"UK Bedroom Ideas","https://britishhomeinterior.co.uk/images/pins/cottagecore-bedroom-ideas-uk-A.png","Cottagecore Bedroom Ideas UK","Cottagecore bedroom ideas for UK homes. Floral bedding vintage furniture and warm natural textures. See all at britishhomeinterior.co.uk →","https://britishhomeinterior.co.uk/blog/cottagecore-bedroom-ideas-uk/","10/22/2026 18:00","UK bedroom styled with cottagecore floral bedding and vintage furniture"
"Renter-Friendly UK Home Decor","https://britishhomeinterior.co.uk/images/pins/cottagecore-home-decor-uk-A.png","Cottagecore Home Decor Ideas UK","Cottagecore home decor ideas for UK houses and flats. Vintage finds dried flowers and warm wood tones. See all at britishhomeinterior.co.uk →","https://britishhomeinterior.co.uk/blog/cottagecore-home-decor-uk/","10/23/2026 12:00","UK home with cottagecore decor dried flowers and vintage accessories"
"UK Kitchen Makeover Ideas","https://britishhomeinterior.co.uk/images/pins/budget-kitchen-worktop-makeover-uk-A.png","Cheap Kitchen Worktop Makeover UK","Cheap kitchen worktop makeover ideas for UK homes. Wrap paint or repair — with real prices. See the guide at britishhomeinterior.co.uk →","https://britishhomeinterior.co.uk/blog/budget-kitchen-worktop-makeover-uk/","10/23/2026 18:00","UK kitchen worktop refreshed with vinyl wrap on budget"
"Small Living Room & Lounge Ideas","https://britishhomeinterior.co.uk/images/pins/maximalist-living-room-decor-uk-A.png","Maximalist Living Room Ideas UK","Maximalist living room ideas for UK homes. Bold colour layered pattern and curated clutter done right. See all at britishhomeinterior.co.uk →","https://britishhomeinterior.co.uk/blog/maximalist-living-room-decor-uk/","10/24/2026 12:00","UK maximalist living room with bold colours and layered patterns"
"UK Bedroom Ideas","https://britishhomeinterior.co.uk/images/pins/scandi-bedroom-ideas-uk-A.png","Scandi Bedroom Ideas for UK Homes","Scandi bedroom ideas for UK homes. Light wood clean lines and cosy textiles. See all at britishhomeinterior.co.uk →","https://britishhomeinterior.co.uk/blog/scandi-bedroom-ideas-uk/","10/24/2026 18:00","UK bedroom with Scandinavian light wood furniture and clean lines"
"Renter-Friendly UK Home Decor","https://britishhomeinterior.co.uk/images/pins/dark-moody-home-decor-uk-A.png","Dark and Moody Home Decor Ideas UK","Dark and moody home decor ideas for UK homes. Deep wall colours rich textures and dramatic lighting. See all at britishhomeinterior.co.uk →","https://britishhomeinterior.co.uk/blog/dark-moody-home-decor-uk/","10/25/2026 12:00","UK room with dark moody walls and rich dramatic lighting"
"UK Kitchen Makeover Ideas","https://britishhomeinterior.co.uk/images/pins/unfitted-kitchen-ideas-uk-A.png","Unfitted Kitchen Ideas UK: Renter-Friendly","Unfitted kitchen ideas for UK renters. Freestanding cabinets open shelving and movable islands. See all at britishhomeinterior.co.uk →","https://britishhomeinterior.co.uk/blog/unfitted-kitchen-ideas-uk/","10/25/2026 18:00","UK unfitted kitchen with freestanding cabinet and open shelving"
"Small Living Room & Lounge Ideas","https://britishhomeinterior.co.uk/images/pins/scandi-living-room-ideas-uk-A.png","Scandi Living Room Ideas UK","Scandi living room ideas for UK homes. Light tones natural materials and functional simplicity. See all at britishhomeinterior.co.uk →","https://britishhomeinterior.co.uk/blog/scandi-living-room-ideas-uk/","10/26/2026 12:00","UK living room with Scandinavian styling and natural materials"
"UK Bedroom Ideas","https://britishhomeinterior.co.uk/images/pins/bedroom-makeover-uk-A.png","Bedroom Makeover UK: Before & After Ideas","Bedroom makeover inspiration for UK homes. Real before and after transformations on a budget. See all at britishhomeinterior.co.uk →","https://britishhomeinterior.co.uk/blog/bedroom-makeover-uk/","10/26/2026 18:00","UK bedroom before and after budget makeover transformation"
"Renter-Friendly UK Home Decor","https://britishhomeinterior.co.uk/images/pins/plant-styling-ideas-uk-A.png","5 Low-Light Apartment Plants That Thrive (UK)","Low-light apartment plant ideas for UK homes. Plants that actually survive British winters and north-facing rooms. See all 5 at britishhomeinterior.co.uk →","https://britishhomeinterior.co.uk/blog/plant-styling-ideas-uk/","10/27/2026 12:00","UK apartment with low-light plants on windowsill and shelf"
"UK Kitchen Makeover Ideas","https://britishhomeinterior.co.uk/images/pins/grandma-core-kitchen-ideas-uk-A.png","Grandma Core Kitchen Ideas UK 2026","Grandma core kitchen ideas for UK homes. Vintage ceramics floral patterns and warm wood. See all at britishhomeinterior.co.uk →","https://britishhomeinterior.co.uk/blog/grandma-core-kitchen-ideas-uk/","10/27/2026 18:00","UK kitchen styled with vintage grandma core ceramics and florals"
"Small Living Room & Lounge Ideas","https://britishhomeinterior.co.uk/images/pins/opera-inspired-living-room-ideas-uk-A.png","Opera-Inspired Living Room Ideas UK","Opera-inspired living room ideas for UK homes. Velvet jewel tones and theatrical statement pieces. See all at britishhomeinterior.co.uk →","https://britishhomeinterior.co.uk/blog/opera-inspired-living-room-ideas-uk/","10/28/2026 12:00","UK living room with opera-inspired velvet furnishings and jewel tones"
"Renter-Friendly UK Home Decor","https://britishhomeinterior.co.uk/images/pins/home-interior-ideas-uk-A.png","Home Interior Ideas UK","Home interior ideas for UK houses and flats. Room-by-room inspiration for every style. See all at britishhomeinterior.co.uk →","https://britishhomeinterior.co.uk/blog/home-interior-ideas-uk/","10/28/2026 18:00","UK home interior with styled rooms and cohesive design"
"UK Bedroom Ideas","https://britishhomeinterior.co.uk/images/pins/afrobohemian-decor-ideas-uk-A.png","Afrobohemian Decor Ideas for UK Homes","Afrobohemian decor ideas for UK homes. Warm earth tones handcrafted textiles and layered pattern. See all at britishhomeinterior.co.uk →","https://britishhomeinterior.co.uk/blog/afrobohemian-decor-ideas-uk/","10/29/2026 12:00","UK room with Afrobohemian decor handcrafted textiles and earth tones"
"UK Kitchen Makeover Ideas","https://britishhomeinterior.co.uk/images/pins/kitchen-decor-ideas-uk-A.png","12 Kitchen Decor Ideas UK","Kitchen decor ideas for UK homes. Accessories styling and finishing touches. See all 12 at britishhomeinterior.co.uk →","https://britishhomeinterior.co.uk/blog/kitchen-decor-ideas-uk/","10/29/2026 18:00","UK kitchen with styled accessories and coordinated decor"
"Renter-Friendly UK Home Decor","https://britishhomeinterior.co.uk/images/pins/multifunctional-furniture-ideas-uk-A.png","Smart Multifunctional Furniture for UK Flats","Smart multifunctional furniture for UK rented flats. Sofa beds storage ottomans and nesting tables. See all at britishhomeinterior.co.uk →","https://britishhomeinterior.co.uk/blog/multifunctional-furniture-ideas-uk/","10/30/2026 12:00","UK flat with multifunctional sofa bed and storage ottoman"
"Renter-Friendly UK Home Decor","https://britishhomeinterior.co.uk/images/pins/victorian-terrace-interior-ideas-uk-A.png","Victorian Terrace Interior Ideas","Victorian terrace interior ideas for UK homes. Period features mixed with modern living. See all at britishhomeinterior.co.uk →","https://britishhomeinterior.co.uk/blog/victorian-terrace-interior-ideas-uk/","10/30/2026 18:00","UK Victorian terrace interior with period features and modern styling"
"Renter-Friendly UK Home Decor","https://britishhomeinterior.co.uk/images/pins/bathroom-colour-ideas-uk-A.png","Bathroom Colour Ideas UK 2026","Bathroom colour ideas for UK homes in 2026. Trending palettes from warm neutrals to bold greens. See all at britishhomeinterior.co.uk →","https://britishhomeinterior.co.uk/blog/bathroom-colour-ideas-uk/","10/31/2026 12:00","UK bathroom with trending colour palette and coordinated tiles"
"Renter-Friendly UK Home Decor","https://britishhomeinterior.co.uk/images/pins/bathroom-storage-ideas-uk-A.png","Small Bathroom Storage Ideas UK","Small bathroom storage ideas for UK homes. Over-toilet shelving slim cabinets and suction caddies. See all at britishhomeinterior.co.uk →","https://britishhomeinterior.co.uk/blog/bathroom-storage-ideas-uk/","10/31/2026 18:00","Small UK bathroom with over-toilet shelving and slim storage"
"Renter-Friendly UK Home Decor","https://britishhomeinterior.co.uk/images/pins/small-bathroom-ideas-uk-A.png","Small Bathroom Ideas UK: Layout & Wet Rooms","Small bathroom ideas for UK homes. Layouts wet room options and cloakroom solutions. See all at britishhomeinterior.co.uk →","https://britishhomeinterior.co.uk/blog/small-bathroom-ideas-uk/","11/01/2026 12:00","Small UK bathroom with smart layout and walk-in wet room area"
"Renter-Friendly UK Home Decor","https://britishhomeinterior.co.uk/images/pins/small-wet-room-ideas-uk-A.png","Small Wet Room Ideas UK: Layout & Cost","Small wet room ideas for UK homes. Layout waterproofing and cost breakdown. See the full guide at britishhomeinterior.co.uk →","https://britishhomeinterior.co.uk/blog/small-wet-room-ideas-uk/","11/01/2026 18:00","Small UK wet room with glass screen and level-access shower"
"Renter-Friendly UK Home Decor","https://britishhomeinterior.co.uk/images/pins/vertical-storage-ideas-uk-flats-A.png","12 Vertical Storage Ideas for UK Flats (No Drilling)","Vertical storage ideas for small UK flats. No drilling needed — over-door organisers tension rods and freestanding shelves. See all 12 at britishhomeinterior.co.uk →","https://britishhomeinterior.co.uk/blog/vertical-storage-ideas-uk-flats/","11/02/2026 12:00","UK flat with vertical storage solutions and no drilling"
"Renter-Friendly UK Home Decor","https://britishhomeinterior.co.uk/images/pins/small-home-office-ideas-uk-A.png","Small Home Office Ideas UK: Box Room & Alcove","Small home office ideas for UK homes. Box room setups alcove desks and fold-down solutions. See all at britishhomeinterior.co.uk →","https://britishhomeinterior.co.uk/blog/small-home-office-ideas-uk/","11/02/2026 18:00","UK box room converted to small home office with desk and shelving"
"Renter-Friendly UK Home Decor","https://britishhomeinterior.co.uk/images/pins/studio-flat-ideas-uk-A.png","Studio Flat Ideas UK","Studio flat ideas for UK renters. Zoning storage and furniture that makes one room work as a whole home. See all at britishhomeinterior.co.uk →","https://britishhomeinterior.co.uk/blog/studio-flat-ideas-uk/","11/03/2026 12:00","UK studio flat with smart zoning and multifunctional furniture"
"Renter-Friendly UK Home Decor","https://britishhomeinterior.co.uk/images/pins/utility-room-ideas-uk-A.png","Small Utility Room Ideas UK","Small utility room ideas for UK homes. Stacking layout slim storage and sorting systems. See all at britishhomeinterior.co.uk →","https://britishhomeinterior.co.uk/blog/utility-room-ideas-uk/","11/03/2026 18:00","Small UK utility room with stacked washer dryer and slim shelving"
"Renter-Friendly UK Home Decor","https://britishhomeinterior.co.uk/images/pins/modern-home-interior-uk-A.png","Modern Home Interior Ideas UK","Modern home interior ideas for UK homes. Clean lines mixed materials and warm contemporary styling. See all at britishhomeinterior.co.uk →","https://britishhomeinterior.co.uk/blog/modern-home-interior-uk/","11/04/2026 12:00","UK modern home interior with clean lines and warm materials"
"Renter-Friendly UK Home Decor","https://britishhomeinterior.co.uk/images/pins/funhaus-decor-ideas-uk-A.png","FunHaus Decor Ideas UK","FunHaus decor ideas for UK homes. Playful colour bold pattern and personality-driven styling. See all at britishhomeinterior.co.uk →","https://britishhomeinterior.co.uk/blog/funhaus-decor-ideas-uk/","11/04/2026 18:00","UK home with FunHaus playful decor bold colours and patterns"
"Renter-Friendly UK Home Decor","https://britishhomeinterior.co.uk/images/pins/spring-home-refresh-ideas-uk-A.png","Spring Home Refresh Ideas UK","Spring home refresh ideas for UK homes. Light swaps fresh textiles and seasonal styling. See all at britishhomeinterior.co.uk →","https://britishhomeinterior.co.uk/blog/spring-home-refresh-ideas-uk/","11/05/2026 12:00","UK home refreshed for spring with light textiles and fresh flowers"
"Renter-Friendly UK Home Decor","https://britishhomeinterior.co.uk/images/pins/autumn-home-decor-ideas-uk-A.png","Cosy Autumn Home Decor Ideas UK","Cosy autumn home decor ideas for UK homes. Warm tones chunky knits and seasonal touches. See all at britishhomeinterior.co.uk →","https://britishhomeinterior.co.uk/blog/autumn-home-decor-ideas-uk/","11/05/2026 18:00","UK home with cosy autumn decor warm throws and seasonal styling"
"Renter-Friendly UK Home Decor","https://britishhomeinterior.co.uk/images/pins/winter-cosy-home-ideas-uk-A.png","Winter Cosy Home Ideas UK","Winter cosy home ideas for UK houses and flats. Warm layers candlelight and hygge-inspired touches. See all at britishhomeinterior.co.uk →","https://britishhomeinterior.co.uk/blog/winter-cosy-home-ideas-uk/","11/06/2026 12:00","UK home with winter cosy decor candles and warm blankets"
"Renter-Friendly UK Home Decor","https://britishhomeinterior.co.uk/images/pins/christmas-home-decor-ideas-uk-A.png","Christmas Home Decor Ideas UK","Christmas home decor ideas for UK homes. Festive styling that works in rentals and small spaces. See all at britishhomeinterior.co.uk →","https://britishhomeinterior.co.uk/blog/christmas-home-decor-ideas-uk/","11/06/2026 18:00","UK home with Christmas decor and festive styling"
